Member_number,Date,itemDescription
1808,2015-07-21,tropical fruit
2552,2015-01-05,whole milk
2300,2015-09-19,pip fruit
1187,2015-12-12,other vegetables
3037,2015-02-01,whole milk
4941,2015-02-14,rolls/buns
4501,2015-05-08,other vegetables
3803,2015-12-23,pot plants
2762,2015-03-20,whole milk
4119,2015-02-12,tropical fruit
1340,2015-02-24,citrus fruit
2193,2015-04-14,beef
1997,2015-07-21,frankfurter
4546,2015-09-03,chicken
4736,2015-07-21,butter
1959,2015-03-30,fruit/vegetable juice
1974,2015-05-03,packaged fruit/vegetables
2421,2015-09-02,chocolate
1513,2015-08-03,specialty bar
1905,2015-07-07,other vegetables
2810,2015-09-08,butter milk
2867,2015-11-12,whole milk
3962,2015-09-18,tropical fruit
1088,2015-11-30,tropical fruit
4976,2015-07-17,bottled water
4056,2015-06-12,yogurt
3611,2015-02-13,sausage
1420,2015-01-14,other vegetables
4286,2015-03-08,brown bread
4918,2015-01-27,yogurt
4783,2015-10-22,hamburger meat
3709,2015-10-26,root vegetables
4289,2015-10-08,pork
1559,2015-10-03,beef
2900,2015-04-11,pastry
1905,2015-02-21,fruit/vegetable juice
3527,2015-09-29,canned beer
1495,2015-01-09,root vegetables
3558,2015-04-03,citrus fruit
3128,2015-04-20,sausage
1863,2015-08-04,tropical fruit
3841,2015-07-19,berries
3903,2015-10-06,canned beer
2658,2015-10-16,butter milk
4272,2015-06-06,coffee
1120,2015-09-26,pastry
2676,2015-08-15,rolls/buns
1697,2015-05-21,misc. beverages
2507,2015-08-25,root vegetables
4620,2015-03-11,sausage
3365,2015-02-01,canned beer
2978,2015-06-05,ham
2910,2015-07-28,turkey
1061,2015-09-05,whole milk
3276,2015-04-03,whole milk
1326,2015-06-19,packaged fruit/vegetables
3023,2015-07-28,rolls/buns
2185,2015-10-11,ham
3552,2015-06-16,rolls/buns
1967,2015-01-20,other vegetables
4708,2015-03-20,sausage
2874,2015-02-15,sausage
4177,2015-04-13,frankfurter
1663,2015-02-07,rolls/buns
2632,2015-03-02,whole milk
1377,2015-03-14,curd cheese
4162,2015-12-22,red/blush wine
2270,2015-07-01,sausage
4829,2015-11-03,tropical fruit
3811,2015-04-14,red/blush wine
4766,2015-09-29,whole milk
2436,2015-04-12,frankfurter
3860,2015-05-05,whole milk
4875,2015-05-12,frozen potato products
1587,2015-07-01,other vegetables
4038,2015-07-08,citrus fruit
4750,2015-09-21,flour
1199,2015-12-10,sugar
1603,2015-09-30,frozen meals
3111,2015-01-31,chocolate
3894,2015-12-13,root vegetables
1456,2015-09-18,root vegetables
2022,2015-03-04,herbs
2505,2015-11-30,bottled water
4851,2015-12-20,sausage
4293,2015-08-04,coffee
2775,2015-11-06,pork
3693,2015-02-18,berries
1202,2015-07-22,soda
3699,2015-08-23,berries
4152,2015-04-15,fruit/vegetable juice
4155,2015-01-26,citrus fruit
4010,2015-12-29,pork
4389,2015-10-20,detergent
3746,2015-08-17,grapes
2560,2015-05-17,sausage
1503,2015-07-25,chicken
2555,2015-12-23,whole milk
3645,2015-12-12,citrus fruit
3886,2015-09-11,soda
2932,2015-03-20,sausage
1711,2015-06-18,frankfurter
4291,2015-12-08,sausage
1143,2015-04-25,soda
4564,2015-07-08,rolls/buns
3337,2015-05-14,beef
4931,2015-05-04,whole milk
2623,2015-10-10,processed cheese
4581,2015-04-03,tropical fruit
2635,2015-06-11,frankfurter
1095,2015-10-30,packaged fruit/vegetables
2990,2015-05-23,whole milk
2426,2015-06-05,berries
4555,2015-11-07,citrus fruit
3635,2015-09-04,tropical fruit
3058,2015-05-18,hamburger meat
4391,2015-03-26,hamburger meat
1306,2015-06-23,whole milk
1024,2015-08-10,fish
1295,2015-07-23,frankfurter
1661,2015-06-01,packaged fruit/vegetables
4591,2015-05-15,pastry
3169,2015-06-14,other vegetables
3915,2015-05-21,misc. beverages
1127,2015-01-14,frankfurter
4828,2015-08-08,sparkling wine
3683,2015-06-10,specialty bar
1971,2015-09-18,sausage
3014,2015-11-11,curd cheese
3779,2015-09-15,frankfurter
2489,2015-05-04,whole milk
3564,2015-06-27,newspapers
4092,2015-09-30,berries
3221,2015-01-13,curd
1279,2015-09-06,tropical fruit
2581,2015-08-22,soda
2295,2015-02-25,rolls/buns
4760,2015-02-22,canned beer
3649,2015-01-16,canned beer
1075,2015-11-19,frankfurter
3987,2015-08-19,other vegetables
4106,2015-08-25,whole milk
4338,2015-06-24,whole milk
4166,2015-11-06,citrus fruit
1211,2015-03-10,frankfurter
3954,2015-01-21,frankfurter
3928,2015-07-18,butter milk
3827,2015-09-30,hamburger meat
4699,2015-02-08,pasta
4747,2015-06-08,other vegetables
3028,2015-06-09,sausage
2851,2015-03-16,rolls/buns
4417,2015-02-25,grapes
3822,2015-03-07,root vegetables
2288,2015-05-31,coffee
2184,2015-06-30,popcorn
4554,2015-08-27,whole milk
3361,2015-03-05,tropical fruit
2999,2015-04-17,beef
2614,2015-06-25,whole milk
4064,2015-06-05,frankfurter
3567,2015-10-04,tropical fruit
2587,2015-05-07,canned beer
3783,2015-06-17,finished products
1923,2015-02-14,beverages
4835,2015-02-19,hamburger meat
1514,2015-08-24,whole milk
3154,2015-06-22,finished products
1313,2015-12-25,other vegetables
2794,2015-07-18,ham
2359,2015-04-09,other vegetables
2238,2015-03-09,curd
3795,2015-01-17,bottled beer
3724,2015-11-26,curd
1152,2015-03-05,whole milk
4559,2015-03-16,whole milk
3922,2015-02-27,dessert
1709,2015-04-22,sausage
2219,2015-04-17,other vegetables
2206,2015-10-17,ham
1752,2015-04-06,other vegetables
3942,2015-11-10,other vegetables
3296,2015-08-17,soda
2257,2015-02-05,herbs
4313,2015-07-28,frankfurter
2001,2015-08-21,rolls/buns
2449,2015-07-08,curd
4914,2015-04-12,frankfurter
2764,2015-07-24,other vegetables
4187,2015-05-09,dog food
1392,2015-04-20,specialty bar
3427,2015-04-28,curd
1411,2015-02-20,frankfurter
3390,2015-11-14,soda
4787,2015-08-01,beef
3310,2015-01-17,canned beer
1782,2015-10-10,pork
3375,2015-04-26,frankfurter
2760,2015-01-07,sausage
4249,2015-09-13,canned beer
2904,2015-06-06,specialty chocolate
4090,2015-02-26,curd
3060,2015-07-05,canned beer
3768,2015-10-07,whole milk
1232,2015-01-21,rolls/buns
1360,2015-10-23,pork
1107,2015-10-01,citrus fruit
2865,2015-11-04,pot plants
2958,2015-06-14,rolls/buns
2448,2015-07-12,butter
1222,2015-09-24,condensed milk
2943,2015-06-20,sausage
2270,2015-08-11,whole milk
3812,2015-07-21,sausage
1482,2015-11-22,beverages
4720,2015-02-22,beverages
1344,2015-09-04,bottled water
2397,2015-10-04,newspapers
4182,2015-05-12,cleaner
4487,2015-07-10,sausage
3467,2015-12-24,newspapers
2443,2015-11-15,sausage
2749,2015-01-27,misc. beverages
4389,2015-04-13,white wine
1674,2015-12-04,sausage
4262,2015-10-16,meat
2082,2015-04-07,frankfurter
4494,2015-01-06,ice cream
2460,2015-09-28,canned beer
4509,2015-11-29,tropical fruit
2267,2015-07-03,meat
4891,2015-09-05,whole milk
3962,2015-09-20,sausage
4964,2015-07-18,frankfurter
2914,2015-11-30,meat
2808,2015-05-05,root vegetables
1085,2015-08-15,root vegetables
3808,2015-08-18,whole milk
4149,2015-01-07,citrus fruit
2331,2015-06-05,citrus fruit
4475,2015-04-03,other vegetables
2761,2015-04-25,citrus fruit
2620,2015-12-14,sausage
3206,2015-10-13,frankfurter
1226,2015-04-13,hard cheese
1395,2015-03-07,cream cheese 
2465,2015-06-07,turkey
3572,2015-07-09,pork
4387,2015-05-08,whole milk
1555,2015-03-27,rolls/buns
1181,2015-11-16,sausage
2814,2015-05-11,ice cream
2794,2015-09-16,liquor
2912,2015-01-28,pip fruit
4667,2015-01-12,root vegetables
2235,2015-10-25,soda
2353,2015-05-02,soda
3449,2015-03-08,sausage
1058,2015-11-10,root vegetables
1027,2015-05-17,pork
3302,2015-05-22,pork
2229,2015-05-30,chocolate
2188,2015-08-15,fruit/vegetable juice
1547,2015-04-18,pickled vegetables
1649,2015-06-30,bottled water
3254,2015-09-10,frankfurter
2818,2015-11-07,tropical fruit
2703,2015-05-08,canned beer
3332,2015-01-31,root vegetables
2473,2015-07-01,meat
2810,2015-12-30,frankfurter
1033,2015-04-22,tropical fruit
4222,2015-05-27,tropical fruit
3679,2015-09-21,citrus fruit
2212,2015-08-27,hamburger meat
1507,2015-06-22,chicken
2870,2015-01-21,chicken
3429,2015-04-26,frankfurter
4148,2015-04-09,canned beer
2970,2015-12-30,turkey
2013,2015-08-30,packaged fruit/vegetables
3967,2015-05-30,pasta
2885,2015-05-15,citrus fruit
3935,2015-07-02,sausage
3283,2015-05-01,whole milk
3268,2015-11-06,canned beer
3677,2015-04-30,citrus fruit
3495,2015-06-27,liquor (appetizer)
1410,2015-10-04,citrus fruit
2440,2015-06-06,sausage
4088,2015-01-13,chicken
2469,2015-09-23,hamburger meat
4229,2015-03-06,sausage
2728,2015-08-02,beef
4694,2015-01-25,citrus fruit
2836,2015-12-29,UHT-milk
1311,2015-02-12,candy
1760,2015-01-23,newspapers
3656,2015-03-02,beef
3720,2015-05-28,sausage
2996,2015-09-26,frankfurter
1949,2015-07-22,canned beer
4498,2015-02-11,bottled beer
2447,2015-12-28,onions
1952,2015-03-23,tropical fruit
4099,2015-01-27,bottled water
1804,2015-03-12,beef
1510,2015-05-16,sausage
2879,2015-04-18,hair spray
4899,2015-03-12,chicken
4326,2015-09-29,pork
1670,2015-05-17,ice cream
1117,2015-05-24,meat
1346,2015-04-03,other vegetables
1178,2015-11-15,bottled water
1649,2015-06-25,tropical fruit
4651,2015-06-21,photo/film
4243,2015-04-02,sausage
4429,2015-07-21,grapes
4645,2015-07-25,domestic eggs
4019,2015-07-24,rolls/buns
4459,2015-04-26,tropical fruit
3006,2015-12-27,chicken
1834,2015-09-17,frankfurter
3236,2015-07-04,berries
1765,2015-03-11,margarine
3855,2015-03-09,tropical fruit
4392,2015-11-28,ham
3330,2015-07-26,hamburger meat
1723,2015-09-02,yogurt
4110,2015-03-30,soda
2600,2015-01-28,yogurt
2946,2015-10-07,soda
2426,2015-09-08,bottled water
4170,2015-05-03,sausage
1109,2015-04-06,citrus fruit
3429,2015-01-04,shopping bags
2055,2015-02-04,newspapers
2480,2015-09-20,frankfurter
2441,2015-05-30,sausage
1054,2015-10-04,frankfurter
4818,2015-01-11,salt
3379,2015-01-21,oil
3939,2015-02-10,curd
1367,2015-08-05,other vegetables
1043,2015-01-10,citrus fruit
2231,2015-10-17,frankfurter
3235,2015-12-28,root vegetables
4554,2015-07-16,tropical fruit
3245,2015-01-24,beef
2996,2015-05-19,berries
2507,2015-01-05,canned beer
4186,2015-10-25,whipped/sour cream
3929,2015-04-28,root vegetables
3760,2015-11-22,whole milk
4928,2015-08-18,beef
4217,2015-12-18,frozen vegetables
1174,2015-02-11,rolls/buns
4103,2015-06-19,whole milk
4408,2015-03-13,whole milk
2588,2015-12-28,citrus fruit
2598,2015-11-11,pastry
1518,2015-12-11,frankfurter
2702,2015-04-08,tropical fruit
1001,2015-01-20,frankfurter
2270,2015-09-30,berries
2838,2015-11-10,rolls/buns
1683,2015-05-26,root vegetables
4040,2015-04-03,yogurt
3897,2015-08-23,other vegetables
2200,2015-03-11,berries
4073,2015-01-29,berries
3700,2015-04-19,other vegetables
3973,2015-06-10,rolls/buns
2715,2015-07-06,ham
3967,2015-11-23,whole milk
4002,2015-09-03,tropical fruit
2962,2015-03-01,bottled water
4340,2015-12-25,butter milk
2092,2015-11-06,newspapers
3143,2015-05-24,coffee
2209,2015-10-03,bottled beer
2816,2015-08-22,onions
2659,2015-06-01,hamburger meat
1588,2015-10-13,sausage
1144,2015-10-15,hard cheese
2166,2015-12-10,sausage
3300,2015-10-06,hamburger meat
3944,2015-01-03,onions
4979,2015-04-24,coffee
2630,2015-01-21,shopping bags
4240,2015-04-29,yogurt
2357,2015-07-08,soda
1743,2015-04-18,sliced cheese
2331,2015-02-15,sausage
1643,2015-04-28,yogurt
1291,2015-03-20,domestic eggs
3675,2015-07-04,whole milk
4134,2015-11-06,meat
1363,2015-06-21,dish cleaner
4212,2015-05-01,other vegetables
1500,2015-03-21,whole milk
2622,2015-10-01,other vegetables
3543,2015-03-18,tropical fruit
2525,2015-05-24,baking powder
1264,2015-10-12,specialty bar
3601,2015-07-06,ice cream
1771,2015-03-23,frankfurter
4694,2015-02-06,canned beer
1122,2015-12-21,bottled water
3507,2015-08-12,other vegetables
4524,2015-04-26,citrus fruit
3612,2015-09-27,sausage
3262,2015-06-11,domestic eggs
1897,2015-01-25,pork
1656,2015-10-30,specialty cheese
3953,2015-01-10,pork
1488,2015-06-21,beef
1652,2015-03-17,other vegetables
4953,2015-09-16,chicken
3445,2015-04-30,soda
3180,2015-03-15,whole milk
4934,2015-09-06,rolls/buns
2980,2015-04-27,bottled beer
2763,2015-02-13,root vegetables
4819,2015-03-04,pastry
3169,2015-07-02,berries
1850,2015-03-11,citrus fruit
4285,2015-12-29,whole milk
4366,2015-08-13,soda
2253,2015-06-16,bottled water
3398,2015-03-11,tropical fruit
2215,2015-07-22,salty snack
3737,2015-03-03,bottled water
2649,2015-11-28,chocolate
3203,2015-08-07,citrus fruit
4261,2015-02-16,bottled water
2435,2015-07-17,onions
2046,2015-08-21,dessert
4267,2015-02-11,beef
1086,2015-12-28,rolls/buns
1992,2015-01-04,beef
3622,2015-07-26,soda
4700,2015-06-27,coffee
2272,2015-05-16,rolls/buns
1663,2015-05-19,pork
2519,2015-06-03,soda
2639,2015-10-30,sausage
1466,2015-04-19,beef
4122,2015-10-23,whole milk
3598,2015-04-15,pork
3097,2015-08-10,berries
1873,2015-09-19,sausage
1537,2015-02-01,bottled water
3960,2015-03-25,tropical fruit
1136,2015-06-15,herbs
2453,2015-12-21,yogurt
1746,2015-02-15,Instant food products
3572,2015-06-09,specialty chocolate
3246,2015-06-24,coffee
3207,2015-11-26,bottled beer
1042,2015-02-12,beef
1176,2015-03-30,whole milk
3054,2015-02-23,frankfurter
4486,2015-12-02,frankfurter
1580,2015-12-05,other vegetables
1623,2015-11-02,frankfurter
4169,2015-11-24,whole milk
2254,2015-01-24,frankfurter
4095,2015-11-01,other vegetables
1264,2015-11-17,bottled water
3375,2015-01-06,pork
3242,2015-05-23,bottled water
2227,2015-06-07,other vegetables
3847,2015-12-03,hamburger meat
3897,2015-05-31,hamburger meat
1799,2015-09-27,shopping bags
2920,2015-04-26,whole milk
3713,2015-01-31,ice cream
4230,2015-11-05,pastry
1455,2015-03-18,ham
3687,2015-03-18,frankfurter
3869,2015-08-01,sausage
2988,2015-10-14,bottled beer
4242,2015-03-30,bottled water
4118,2015-12-24,meat
4996,2015-10-24,dessert
4489,2015-03-04,other vegetables
1199,2015-11-09,beverages
4108,2015-05-12,ham
3484,2015-06-05,specialty bar
1239,2015-08-31,brown bread
4839,2015-12-19,whole milk
4748,2015-05-07,rolls/buns
4426,2015-06-06,bottled beer
3571,2015-12-11,pet care
2852,2015-06-08,citrus fruit
3638,2015-05-26,pork
3635,2015-03-10,other vegetables
2723,2015-05-07,white wine
3495,2015-03-11,whole milk
2813,2015-11-16,pip fruit
2799,2015-09-02,sugar
4723,2015-05-22,tropical fruit
3313,2015-04-08,root vegetables
4748,2015-12-15,soda
2991,2015-02-16,whole milk
1483,2015-04-01,tropical fruit
3950,2015-10-01,white bread
1634,2015-01-16,brown bread
2694,2015-11-21,tropical fruit
2707,2015-10-18,domestic eggs
2813,2015-07-16,coffee
2276,2015-01-11,soda
4726,2015-02-06,whole milk
4353,2015-05-25,bottled beer
4017,2015-08-13,pork
1422,2015-08-21,other vegetables
2714,2015-03-15,yogurt
2769,2015-07-21,sparkling wine
4166,2015-04-30,bottled water
3614,2015-03-02,citrus fruit
4361,2015-09-05,hamburger meat
1922,2015-09-22,packaged fruit/vegetables
4728,2015-09-06,other vegetables
3646,2015-08-08,soda
1155,2015-08-10,whole milk
2119,2015-06-11,herbs
1602,2015-08-29,citrus fruit
1074,2015-06-24,misc. beverages
2256,2015-04-11,female sanitary products
1348,2015-09-17,soda
3806,2015-08-28,tropical fruit
1711,2015-06-06,soda
3959,2015-04-12,white bread
1590,2015-08-15,coffee
1962,2015-06-08,tropical fruit
1766,2015-01-21,pork
2551,2015-10-21,citrus fruit
2294,2015-09-23,frankfurter
4531,2015-05-29,frankfurter
2957,2015-04-12,frankfurter
4415,2015-01-27,other vegetables
1476,2015-08-26,yogurt
3978,2015-07-23,sausage
2062,2015-09-22,whole milk
3252,2015-06-28,pip fruit
3922,2015-06-24,whole milk
1491,2015-10-17,root vegetables
3526,2015-08-26,onions
4060,2015-12-11,specialty chocolate
1067,2015-04-08,hamburger meat
2840,2015-01-27,photo/film
4484,2015-11-27,rolls/buns
2353,2015-02-07,canned beer
3130,2015-02-18,canned beer
4273,2015-06-14,other vegetables
4565,2015-12-30,canned beer
2504,2015-08-14,curd
4127,2015-10-23,butter
2690,2015-04-01,other vegetables
4129,2015-09-22,whole milk
4511,2015-06-29,beef
1602,2015-08-04,sausage
4369,2015-02-01,soda
1302,2015-09-29,fruit/vegetable juice
3326,2015-04-30,rolls/buns
2066,2015-05-21,pip fruit
3483,2015-01-15,frozen vegetables
2840,2015-02-12,beverages
1807,2015-05-18,hamburger meat
2067,2015-08-12,root vegetables
3783,2015-02-17,canned beer
2884,2015-01-04,frozen vegetables
2908,2015-03-15,canned beer
1330,2015-07-10,newspapers
2293,2015-05-08,rolls/buns
3718,2015-05-20,hamburger meat
4338,2015-01-25,pip fruit
3486,2015-11-08,canned beer
3635,2015-09-04,grapes
2857,2015-02-18,root vegetables
3684,2015-08-13,citrus fruit
3120,2015-10-20,cling film/bags
3872,2015-03-19,frankfurter
2777,2015-04-07,whole milk
2702,2015-05-27,pork
4796,2015-06-29,chicken
1564,2015-10-23,sausage
2740,2015-07-02,specialty bar
1833,2015-04-13,whipped/sour cream
1757,2015-12-23,root vegetables
2975,2015-10-24,rolls/buns
4032,2015-08-10,other vegetables
3979,2015-09-16,citrus fruit
3772,2015-03-09,whole milk
4523,2015-10-28,frankfurter
4004,2015-04-19,coffee
2936,2015-06-08,ham
2394,2015-06-21,canned beer
4616,2015-08-16,canned beer
2362,2015-07-08,canned beer
3593,2015-11-03,pip fruit
4389,2015-08-27,pork
3206,2015-08-11,soap
4601,2015-01-04,pip fruit
4382,2015-11-13,beef
2718,2015-06-08,sausage
4691,2015-10-12,frozen chicken
3735,2015-11-28,soda
3900,2015-12-20,tropical fruit
4959,2015-06-30,other vegetables
1815,2015-08-30,beef
2454,2015-04-08,meat
4778,2015-01-15,meat
2289,2015-11-04,bottled water
1734,2015-07-13,rolls/buns
4019,2015-02-05,pastry
4605,2015-05-28,pork
4864,2015-11-14,pip fruit
4205,2015-02-22,beef
1862,2015-08-03,beef
1846,2015-07-19,rolls/buns
2019,2015-05-28,citrus fruit
2042,2015-11-19,meat
1768,2015-05-26,beverages
3847,2015-03-26,beef
3557,2015-07-20,ham
3975,2015-02-27,hamburger meat
4198,2015-03-18,beef
2580,2015-09-04,beef
3474,2015-08-25,root vegetables
1678,2015-11-14,citrus fruit
4254,2015-08-14,yogurt
4704,2015-08-21,tropical fruit
3343,2015-05-10,frankfurter
3812,2015-06-24,beef
3093,2015-03-13,shopping bags
2170,2015-06-18,canned beer
4867,2015-10-29,rolls/buns
3899,2015-03-23,other vegetables
2941,2015-10-03,hamburger meat
1958,2015-07-03,hamburger meat
2760,2015-08-08,frankfurter
4413,2015-08-03,bottled beer
1737,2015-05-15,tropical fruit
4202,2015-02-18,soda
1065,2015-11-13,frankfurter
3819,2015-06-28,chicken
2854,2015-02-08,coffee
4387,2015-09-16,whole milk
4530,2015-04-12,margarine
4191,2015-11-03,tropical fruit
3102,2015-12-04,meat
1946,2015-01-25,cream cheese 
2156,2015-05-15,newspapers
1444,2015-12-16,rolls/buns
1699,2015-05-14,citrus fruit
4954,2015-05-04,whole milk
2207,2015-04-08,frankfurter
4826,2015-01-28,ham
2374,2015-06-08,frankfurter
1604,2015-08-18,sausage
4437,2015-11-29,domestic eggs
2319,2015-05-10,whole milk
3018,2015-06-27,rolls/buns
1195,2015-09-28,whole milk
1768,2015-09-04,sausage
3017,2015-09-28,curd
3384,2015-11-29,bottled water
1918,2015-01-30,beef
2524,2015-10-17,frankfurter
2798,2015-06-17,chicken
2096,2015-01-25,sausage
1489,2015-03-13,pork
1431,2015-07-20,yogurt
2747,2015-07-05,whole milk
3054,2015-03-22,frankfurter
2691,2015-10-09,beef
1752,2015-04-19,pip fruit
3027,2015-09-15,sausage
4452,2015-06-17,pastry
4129,2015-08-13,chicken
3523,2015-11-09,root vegetables
2128,2015-02-11,whole milk
4867,2015-02-03,detergent
4762,2015-10-30,rolls/buns
1632,2015-05-29,house keeping products
4018,2015-11-17,yogurt
1722,2015-07-13,tropical fruit
1438,2015-10-19,tropical fruit
3958,2015-10-27,curd
3292,2015-09-13,beef
2861,2015-02-23,whole milk
1757,2015-02-24,pork
1509,2015-12-30,other vegetables
2364,2015-05-11,rolls/buns
3084,2015-10-26,frankfurter
1850,2015-02-17,yogurt
1949,2015-03-17,whole milk
4740,2015-10-02,bottled water
1072,2015-10-23,frankfurter
4196,2015-07-09,rolls/buns
4814,2015-09-13,whole milk
1514,2015-02-28,rolls/buns
4584,2015-10-25,chicken
2751,2015-02-03,tropical fruit
4155,2015-09-24,sausage
4670,2015-10-11,sausage
4566,2015-07-27,frankfurter
2371,2015-08-30,UHT-milk
3442,2015-11-14,rolls/buns
3090,2015-09-27,canned beer
1457,2015-01-09,yogurt
4952,2015-04-08,whipped/sour cream
3165,2015-01-11,rolls/buns
2608,2015-09-19,rolls/buns
2040,2015-10-07,beverages
1327,2015-08-09,rolls/buns
3363,2015-01-07,rolls/buns
1731,2015-09-09,bottled beer
2760,2015-08-02,citrus fruit
3120,2015-01-14,bottled water
1332,2015-04-30,pastry
4530,2015-09-12,domestic eggs
3145,2015-02-23,beef
1099,2015-08-13,spread cheese
3188,2015-12-06,tropical fruit
3748,2015-10-13,packaged fruit/vegetables
4655,2015-03-31,whole milk
1827,2015-05-01,meat
2485,2015-02-17,onions
4683,2015-01-15,frankfurter
4358,2015-11-06,beef
1931,2015-10-09,beef
2490,2015-12-18,sausage
4842,2015-12-08,chicken
4616,2015-01-01,canned beer
2810,2015-09-22,sausage
2785,2015-10-18,tropical fruit
3591,2015-07-20,frankfurter
3896,2015-09-10,sausage
3842,2015-07-01,beef
2648,2015-07-10,tropical fruit
4688,2015-10-02,yogurt
3511,2015-08-26,frankfurter
3084,2015-09-04,bottled beer
3810,2015-05-07,grapes
4348,2015-02-26,beverages
3584,2015-03-10,curd
2620,2015-06-11,ice cream
2716,2015-01-18,sausage
3797,2015-08-10,other vegetables
2976,2015-06-02,dessert
2762,2015-11-07,decalcifier
3752,2015-04-25,canned beer
1659,2015-11-30,coffee
4109,2015-02-08,berries
1542,2015-08-07,pork
2068,2015-06-07,frankfurter
4509,2015-06-14,pork
4646,2015-06-14,frankfurter
2122,2015-04-07,frozen dessert
2730,2015-06-15,chicken
1800,2015-07-31,vinegar
1456,2015-09-18,rolls/buns
1138,2015-09-02,whole milk
4104,2015-06-12,pork
4985,2015-02-28,rolls/buns
3181,2015-12-13,grapes
3178,2015-10-21,frankfurter
1688,2015-11-10,finished products
1488,2015-11-28,onions
4975,2015-05-08,tropical fruit
4697,2015-01-09,other vegetables
4742,2015-01-11,ham
2640,2015-04-22,other vegetables
2548,2015-12-25,curd
2825,2015-12-29,sausage
2592,2015-07-04,canned beer
3622,2015-12-28,ham
4852,2015-08-21,packaged fruit/vegetables
1839,2015-09-03,meat
2413,2015-04-04,whole milk
2982,2015-06-14,canned beer
1981,2015-10-31,chicken
4440,2015-09-21,rolls/buns
3497,2015-11-24,pet care
3668,2015-12-18,root vegetables
4460,2015-05-28,pastry
1335,2015-01-16,frankfurter
4303,2015-12-07,chicken
3508,2015-02-28,frozen dessert
1959,2015-03-19,citrus fruit
3856,2015-03-06,sausage
3141,2015-07-29,root vegetables
4640,2015-09-25,root vegetables
4851,2015-05-25,bottled beer
3306,2015-09-22,frankfurter
2193,2015-04-08,root vegetables
1156,2015-09-13,berries
4596,2015-04-08,hamburger meat
1245,2015-10-08,tropical fruit
1515,2015-07-05,frankfurter
2564,2015-07-14,frankfurter
4527,2015-10-18,soda
2487,2015-07-09,ice cream
3420,2015-02-27,beef
4442,2015-11-28,whole milk
3164,2015-04-30,pork
3601,2015-04-01,whole milk
3176,2015-05-25,bottled beer
2568,2015-07-22,pork
1856,2015-10-26,root vegetables
3859,2015-09-30,canned beer
1668,2015-08-21,citrus fruit
4499,2015-08-23,pip fruit
1753,2015-08-21,root vegetables
3829,2015-06-25,tropical fruit
4825,2015-01-08,beef
3694,2015-11-10,chicken
4147,2015-01-02,citrus fruit
2196,2015-10-09,meat
2229,2015-05-22,cream cheese 
4724,2015-09-03,citrus fruit
3066,2015-10-11,specialty bar
1120,2015-06-08,meat
4769,2015-08-22,citrus fruit
4711,2015-09-17,frankfurter
2391,2015-06-22,citrus fruit
1216,2015-03-04,turkey
3154,2015-05-14,citrus fruit
3911,2015-07-30,sausage
3111,2015-10-15,newspapers
1385,2015-11-26,whole milk
1158,2015-03-21,yogurt
2733,2015-07-22,yogurt
4999,2015-12-26,bottled water
2882,2015-06-12,berries
2590,2015-06-25,packaged fruit/vegetables
4249,2015-08-04,frankfurter
3012,2015-05-03,nuts/prunes
1533,2015-11-07,citrus fruit
1667,2015-01-12,beef
4323,2015-05-13,whole milk
2087,2015-02-22,other vegetables
1853,2015-05-31,beef
2157,2015-10-29,fish
1136,2015-10-29,other vegetables
2049,2015-10-07,tropical fruit
3122,2015-05-02,coffee
2245,2015-05-15,sausage
4746,2015-10-18,meat
4224,2015-02-24,chicken
4219,2015-03-19,berries
2641,2015-01-01,frozen meals
3173,2015-07-25,whipped/sour cream
2191,2015-10-19,beef
4212,2015-04-07,chicken
1902,2015-12-01,chicken
1347,2015-03-27,beef
1578,2015-06-23,packaged fruit/vegetables
1264,2015-11-23,sugar
4632,2015-09-30,frankfurter
3452,2015-11-01,berries
4822,2015-02-10,bottled water
3987,2015-06-18,sausage
1672,2015-10-07,whole milk
4864,2015-12-01,ice cream
3368,2015-03-09,frankfurter
1283,2015-09-22,root vegetables
4428,2015-06-28,sausage
2577,2015-10-25,sausage
1973,2015-10-24,beef
3284,2015-01-23,fruit/vegetable juice
1905,2015-05-19,sugar
2226,2015-03-09,berries
1932,2015-09-04,yogurt
4506,2015-08-11,pork
1843,2015-11-27,bottled beer
3973,2015-07-27,curd
1651,2015-07-28,beef
3997,2015-10-12,pork
4796,2015-08-25,white bread
1245,2015-09-24,grapes
3579,2015-08-17,potato products
4387,2015-02-10,root vegetables
2496,2015-06-29,chicken
3590,2015-03-28,chicken
2890,2015-04-26,fish
1401,2015-01-27,canned beer
3297,2015-05-21,other vegetables
2867,2015-12-23,chicken
1365,2015-05-20,other vegetables
2355,2015-07-24,tropical fruit
1170,2015-03-19,whole milk
3554,2015-03-21,beef
4171,2015-01-26,sausage
3963,2015-09-17,whole milk
3076,2015-12-08,rolls/buns
1629,2015-05-17,citrus fruit
1366,2015-05-30,whole milk
3677,2015-07-29,pastry
2844,2015-05-21,tropical fruit
4509,2015-09-28,sliced cheese
3245,2015-05-11,soda
2294,2015-06-22,ham
1234,2015-11-20,salty snack
3001,2015-12-24,whole milk
3587,2015-08-05,root vegetables
2700,2015-01-22,soda
3838,2015-12-14,curd
4045,2015-12-22,bottled water
1858,2015-04-25,packaged fruit/vegetables
2280,2015-01-11,tropical fruit
2454,2015-04-06,ham
4437,2015-10-09,pork
1685,2015-03-30,beverages
2349,2015-02-26,sausage
1463,2015-12-24,sausage
3470,2015-02-19,root vegetables
4914,2015-11-29,whole milk
2448,2015-08-31,frankfurter
3387,2015-05-10,soda
3167,2015-11-04,soda
3175,2015-03-17,frankfurter
2678,2015-09-21,berries
4627,2015-12-18,canned beer
1773,2015-10-17,frankfurter
3100,2015-05-23,frankfurter
3232,2015-05-29,berries
3673,2015-08-12,frankfurter
4068,2015-11-19,newspapers
2340,2015-10-07,frozen fish
1930,2015-03-01,tropical fruit
3526,2015-06-02,beef
1617,2015-02-10,rolls/buns
1028,2015-07-11,specialty chocolate
4440,2015-12-01,sparkling wine
3554,2015-07-23,citrus fruit
1632,2015-12-15,onions
1429,2015-02-07,whole milk
1225,2015-05-20,photo/film
2509,2015-07-15,hamburger meat
4945,2015-08-02,other vegetables
4342,2015-03-18,whole milk
1832,2015-09-28,pork
1518,2015-06-21,tropical fruit
1512,2015-09-20,chicken
4818,2015-03-20,other vegetables
4686,2015-08-19,sausage
4986,2015-02-01,whole milk
2755,2015-02-06,rolls/buns
4532,2015-11-29,hygiene articles
2070,2015-08-16,ice cream
1894,2015-05-09,curd
3473,2015-01-25,whole milk
2140,2015-09-28,onions
3286,2015-12-23,finished products
4729,2015-04-08,salt
3204,2015-02-20,tropical fruit
1574,2015-04-18,other vegetables
3361,2015-07-22,chocolate
1776,2015-02-25,ice cream
2009,2015-10-11,tropical fruit
3479,2015-03-24,frankfurter
2394,2015-11-22,butter
1337,2015-12-25,other vegetables
3574,2015-06-13,tropical fruit
1727,2015-07-18,citrus fruit
1016,2015-10-05,UHT-milk
4326,2015-01-21,beef
2212,2015-09-22,curd
1990,2015-08-01,citrus fruit
3836,2015-12-06,yogurt
4560,2015-07-01,bottled beer
1119,2015-02-04,grapes
1379,2015-05-18,pork
1658,2015-09-03,sausage
2948,2015-06-16,frankfurter
1273,2015-05-04,artif. sweetener
1155,2015-12-27,frankfurter
1672,2015-02-05,pip fruit
3841,2015-04-02,frankfurter
1683,2015-08-20,whole milk
1774,2015-08-07,domestic eggs
4441,2015-06-17,packaged fruit/vegetables
1929,2015-05-02,chicken
1273,2015-01-31,pork
2920,2015-10-11,citrus fruit
2467,2015-04-18,light bulbs
2678,2015-11-28,cream cheese 
3423,2015-06-02,sausage
4223,2015-07-19,citrus fruit
2846,2015-09-23,other vegetables
4103,2015-07-26,chicken
4789,2015-05-02,ice cream
4916,2015-02-26,pork
2518,2015-05-03,pork
2622,2015-03-07,onions
